strain_x,strain_y
0,0
0.0,8.787346221433133e-05
9.157509157508615e-06,0.0
9.157509157508615e-06,0.0
0.0,0.0
9.157509157508615e-06,8.787346221433133e-05
-0.00035714285714294095,0.0
0.0,0.0
0.00035714285714283687,8.787346221433133e-05
0.0,0.0
9.157509157508615e-06,0.0
9.157509157508615e-06,8.787346221433133e-05
9.157509157508615e-06,0.0
9.157509157508615e-06,0.0
0.0003663003663003455,8.787346221433133e-05
0.0,0.0
0.0,0.0
0.00035714285714283687,0.0
9.157509157508615e-06,0.0
9.157509157508615e-06,0.0
0.0003663003663003455,0.0
9.157509157508615e-06,0.0
0.00035714285714283687,0.0
0.0,9.990056038806329e-17
0.0,8.787346221453113e-05
0.0,0.00017700002192924506
0.0,0.0002648734841436777
0.00036630036630044957,0.0002648734841435778
1.0410882575239563e-16,0.0003527469463580091
1.0410882575239563e-16,0.000354000043858493
1.0410882575239563e-16,0.00035525314135867583
1.0410882575239563e-16,0.0005310000657875383
1.0410882575239563e-16,0.00044187350607282434
1.0410882575239563e-16,0.0004418735060729242
1.0410882575239563e-16,0.0006188735280020694
9.157509157508615e-06,0.0007080000877168846
9.157509157508615e-06,0.0007080000877167848
9.157509157508615e-06,0.0007958735499312159
-0.00036630036630024135,0.0007958735499313173
9.157509157508615e-06,0.0007080000877167848
-0.00035714285714293835,0.0007958735499312159
0.00036630036630044957,0.0008837470121456472
0.0,0.0007958735499312159
9.157509157404478e-06,0.0009728735718603626
9.157509157404478e-06,0.0009728735718604625
0.00036630036630024135,0.0010620001315751778
-0.0003479853479854324,0.0010620001315752778
-1.0410882575239563e-16,0.0010620001315752763
-1.0410882575239563e-16,0.0010620001315751778
-0.00035714285714294095,0.0012390001535044243
0.00035714285714283687,0.001149873593789609
0.0,0.001239000153504423
0.0,0.0012390001535045243
0.0,0.0012377470560040404
0.0,0.0013281267132191383
0.0,0.0013268736157188556
-0.0003663003663003455,0.0014147470779332868
1.0410882575239563e-16,0.0013268736157188556
1.0410882575239563e-16,0.0014147470779332853
1.0410882575239563e-16,0.0013268736157188556
-0.0003571428571427328,0.0014147470779332868
-0.0003571428571427328,0.0015026205401477166
1.0410882575239563e-16,0.001593000197362816
-0.00036630036630024135,0.0015930001973628173
-0.0003571428571427328,0.001503873637648102
-0.00034798534798542973,0.001591747099862532
-0.00034798534798542973,0.0016796205620769633
-0.00035714285714293835,0.0016808736595773485
0.0,0.0016821267570776314
-0.00035714285714293835,0.0017687471217916785
-0.00035714285714293835,0.0018591267790069779
-0.00035714285714293835,0.0017687471217916785
-0.00035714285714293835,0.0018578736815063938
-0.00035714285714293835,0.0018578736815064937
-0.00035714285714293835,0.0019470002412213076
-0.0007142857142857752,0.0020348737034357406
-0.0007142857142857752,0.0019470002412213091
9.157509157511217e-06,0.0020361268009360233
-9.157509157511217e-06,0.0021240002631504546
-0.0007142857142857752,0.002122747165650172
-0.00035714285714283687,0.0020348737034357406
-0.00035714285714283687,0.002211873725364886
0.0,0.0022131268228652696
-0.00035714285714283687,0.002211873725364987
0.0,0.002299747187579217
-0.0007234432234432865,0.002301000285079701
0.0,0.0023888737472940336
-0.00035714285714283687,0.0023888737472941334
-0.00035714285714283687,0.002478000307008947
-0.00034798534798532565,0.002476747209508463
-0.00034798534798532565,0.0024780003070088486
-0.00035714285714283687,0.002476747209508463
0.0,0.00265374723143771
-0.00035714285714283687,0.0026537472314378096
-0.00035714285714283687,0.0027416206936520414
-0.0007142857142857752,0.0028320003508673407
-0.0007142857142857752,0.0027428737911525253
-0.00036630036630044957,0.002832000350867339
-0.00035714285714293835,0.0029186207155813874
-0.00035714285714293835,0.0028307472533669565
-0.0007142857142857752,0.0028320003508673407
-0.00036630036630044957,0.002919873813081772
-0.00035714285714283687,0.003007747275296203
-0.0007142857142857752,0.003007747275296103
-0.00035714285714293835,0.0030090003727963857
-0.00035714285714293835,0.003096873835010918
-0.00035714285714293835,0.0031847472972253493
-0.0007234432234432865,0.0031847472972252482
-0.0007142857142857752,0.003273873856940163
-0.0007142857142857752,0.003272620759439681
-0.00036630036630044957,0.003273873856940163
-0.0007234432234432865,0.0034508738788694097
-0.0010805860805860165,0.003361747319154596
-0.0007234432234432865,0.00345087387886921
-0.00036630036630044957,0.00345087387886931
-0.00035714285714283687,0.003627873900798556
-0.00036630036630044957,0.0037157473630129874
-0.00036630036630044957,0.0037157473630128877
-0.00035714285714283687,0.003804873922727803
-0.0007234432234432865,0.0037157473630129874
0.0,0.0038927473849421344
-0.00035714285714283687,0.003981873944657049
-0.00035714285714283687,0.00398187394465695
-0.00036630036630044957,0.004071000504371763
-0.0007234432234432865,0.004069747406871281
-0.00036630036630044957,0.004158873966586196
-0.00035714285714283687,0.00424800052630101
-0.00036630036630044957,0.004246747428800527
-0.00035714285714293835,0.004335873988515443
-0.0007142857142857752,0.004423747450729673
-0.0007234432234432865,0.004425000548230157
-0.00035714285714283687,0.004512874010444688
-0.00035714285714283687,0.004512874010444487
-0.00036630036630044957,0.004600747472659018
0.0,0.0046007474726589195
-0.00035714285714283687,0.004689874032373732
-0.00035714285714283687,0.004777747494588265
-0.00035714285714283687,0.004689874032373834
-0.0003663003663003455,0.004779000592088448
-0.0007234432234431824,0.004777747494588165
-0.00035714285714283687,0.004954747516517412
-0.00035714285714283687,0.004956000614017695
-0.0007234432234431824,0.005042620978731742
-0.00035714285714294095,0.005043874076232128
-0.0003479853479854324,0.005043874076232227
-0.00035714285714294095,0.005133000635947041
-1.0410882575239563e-16,0.005308747560375904
-0.0003663003663003455,0.005220874098161474
-0.00035714285714294095,0.005308747560375703
-0.00035714285714294095,0.005308747560375804
-0.00035714285714294095,0.005397874120090719
-0.0007142857142856737,0.005487000679805334
-0.0003479853479854324,0.0054857475823050506
-0.0003663003663003455,0.005487000679805435
-0.0003663003663003455,0.005664000701734579
-0.0007234432234431824,0.005662747604234297
-1.0410882575239563e-16,0.005751874163949012
-0.00035714285714294095,0.005841000723663826
-1.0410882575239563e-16,0.0058397476261633436
-1.0410882575239563e-16,0.005928874185878258
-0.00035714285714294095,0.005928874185878258
-0.0003663003663003455,0.005930127283378641
-0.0007234432234431824,0.00601674764809269
-0.00035714285714294095,0.006105874207807303
-0.00035714285714294095,0.006105874207807404
-1.0410882575239563e-16,0.0061046211103071195
-0.0003663003663003455,0.00628287422973655
-0.00035714285714294095,0.00619500076752212
-1.0410882575239563e-16,0.006281621132236166
-0.00035714285714294095,0.0062828742297367495
-0.0007234432234431824,0.006459874251665897
-1.0410882575239563e-16,0.006370747691951081
-1.0410882575239563e-16,0.006459874251665797
-1.0410882575239563e-16,0.006549000811380611
0.0,0.006635621176094659
0.0,0.006724747735809574
-0.00035714285714294095,0.006636874273595042
-0.00035714285714294095,0.006724747735809375
-0.00035714285714294095,0.006724747735809475
-0.00035714285714294095,0.006813874295524288
-0.0007234432234431824,0.006903000855239004
-0.00035714285714294095,0.0069017477577387205
-0.00035714285714294095,0.006989621219952951
-0.00035714285714294095,0.0070787477796678665
-0.00035714285714294095,0.007078747779667966
-0.00036630036630044957,0.007254494704096729
-0.00036630036630044957,0.007166621241882297
-0.00035714285714294095,0.007167874339382681
-0.00036630036630044957,0.007343621263811444
-0.00036630036630044957,0.007431494726025875
-0.00036630036630044957,0.007343621263811444
-0.00036630036630044957,0.007344874361311828
-0.0007142857142857778,0.007434000921026642
-0.00036630036630044957,0.007609747845455506
-0.000732600732600691,0.007609747845455606
-0.0007142857142857778,0.007611000942955888
-0.00036630036630044957,0.007697621307669937
-0.00036630036630044957,0.007786747867384652
-0.00036630036630044957,0.007962494791813515
-0.00036630036630044957,0.007875874427099566
-0.00036630036630044957,0.0079637478893139
0.0,0.007874621329598982
-0.00036630036630044957,0.008140747911243144
-0.00036630036630044957,0.007963747889313998
-0.00036630036630044957,0.008228621373457475
-0.0007234432234432865,0.008228621373457475
-0.00036630036630044957,0.00822987447095786
-0.0007234432234432865,0.008316494835671807
-0.00036630036630044957,0.008405621395386722
-0.00036630036630044957,0.00831774793317229
-0.00036630036630044957,0.008406874492887104
-0.0007234432234432865,0.008406874492887004
-0.0007234432234432865,0.008494747955101536
-0.00036630036630044957,0.008583874514816351
-0.00035714285714283687,0.008670494879530397
-0.00035714285714283687,0.008759621439245115
-0.0007234432234432865,0.008760874536745396
-0.0007234432234432865,0.008759621439245115
-0.0007234432234432865,0.00884874799896003
-0.0007234432234432865,0.00884874799895993
-0.00035714285714283687,0.008848747998959829
-0.0007234432234432865,0.009025748020889075
-0.0007234432234432865,0.009024494923388793
-0.00035714285714283687,0.00911487458060399
-0.0007142857142857778,0.009113621483103507
-0.0007234432234432865,0.009290621505032754
-0.0007234432234432865,0.009202748042818322
-0.0007234432234432865,0.009290621505032754
-0.0007234432234432865,0.009379748064747668
-0.0007142857142857778,0.009468874624462283
-0.0007234432234432865,0.009379748064747468
-0.0007234432234432865,0.00955549498917633
-0.00035714285714283687,0.009556748086676713
-0.0007234432234432865,0.009644621548891244
-0.00035714285714283687,0.009644621548891147
-0.00035714285714283687,0.009644621548891045
-0.0007234432234432865,0.009821621570820291
-0.0007234432234432865,0.00982162157082039
-0.0007234432234432865,0.009909495033034822
-0.0007234432234432865,0.009910748130535108
-0.0007234432234432865,0.009910748130535108
-0.0007234432234432865,0.00999987469024992
-0.0007234432234432865,0.010086495054963968
-0.0007234432234432865,0.010175621614678883
-0.0007234432234432865,0.010175621614678785
-0.0007234432234432865,0.010176874712179068
-0.0007234432234432865,0.010264748174393601
-0.0007234432234432865,0.010352621636608031
-0.0007234432234432865,0.010440495098822462
-0.00035714285714283687,0.010352621636608031
-0.0010805860805861234,0.010441748196322747
-0.0007234432234432865,0.010530874756037562
-0.00035714285714283687,0.010529621658537276
-0.00035714285714283687,0.010706621680466523
-0.0010805860805861234,0.010617495120751608
-0.0007234432234432865,0.010794495142680854
-0.0007234432234432865,0.010797001337681623
-0.0010805860805861234,0.010883621702395568
-0.0007234432234432865,0.010971495164610101
-0.0007142857142856737,0.010883621702395669
-0.0010714285714286146,0.010972748262110282
-0.0014377289377290616,0.01114974828403953
-0.0010805860805861234,0.011148495186539247
-0.0010805860805861234,0.011237621746254062
-0.0010805860805861234,0.011237621746253961
-0.0010805860805861234,0.011236368648753678
-0.0010805860805861234,0.011325495208468393
-0.0010805860805861234,0.011414621768183208
-0.0007234432234431824,0.011414621768183308
-0.0010805860805861234,0.011414621768183308
-0.0010714285714286146,0.011503748327897922
-0.0010805860805861234,0.011503748327898022
-0.0007234432234432865,0.011591621790112454
-0.001071428571428612,0.011768621812041701
-0.0014377289377290616,0.0117686218120416
-0.001071428571428612,0.011769874909541983
-0.0010805860805861208,0.012032242198684893
-0.0007142857142856737,0.011945621833970847
-0.0010805860805861234,0.011944368736470562
-0.0010805860805861234,0.01203474839368566
-0.0007142857142856737,0.012033495296185179
-0.0007142857142856737,0.012033495296185278
-0.0010805860805861234,0.01212262185590009
-0.0007142857142856737,0.012299621877829337
-0.0010622710622711035,0.012122621855900094
-0.0007142857142856737,0.012210495318114425
-0.001071428571428612,0.0124753688022581
-0.0010805860805861234,0.012476621899758485
-0.001071428571428612,0.012475368802258201
-0.0007142857142856737,0.012476621899758485
-0.001071428571428612,0.012476621899758386
-0.0007051282051281651,0.01274024228640178
-0.001071428571428612,0.012740242286401578
-0.001071428571428612,0.012741495383902162
-0.0007142857142856737,0.012741495383902063
-0.0007142857142856737,0.01291849540583131
-0.001071428571428612,0.01283062194361688
-0.0007142857142856737,0.012919748503331795
-0.0007142857142856737,0.013007621965546123
-0.001071428571428612,0.013095495427760458
-0.001071428571428612,0.013183368889974888
-0.0007142857142856737,0.013272495449689701
-0.0007051282051281625,0.013095495427760555
-0.0007142857142856737,0.013184621987475272
-0.001071428571428612,0.013273748547190085
-0.001071428571428612,0.013272495449689602
-0.001071428571428612,0.013449495471618847
-0.001071428571428612,0.013449495471618948
-0.001071428571428612,0.013626495493548194
-0.0007142857142856737,0.013626495493548094
-0.001428571428571449,0.013538622031333663
-0.001428571428571449,0.013714368955762425
-0.001428571428571449,0.013714368955762526
-0.0010805860805861234,0.013802242417977057
-0.0017948717948718985,0.01380349551547734
-0.001071428571428612,0.013979242439906104
-0.0010714285714286146,0.013892622075192155
-0.001428571428571449,0.014069622097121301
-0.001071428571428612,0.01406836899962102
-0.001428571428571449,0.014069622097121402
-0.0010622710622711035,0.014158748656836017
-0.0007142857142856737,0.014245369021550065
-0.001428571428571449,0.014245369021550165
-0.001428571428571449,0.01433449558126498
-0.001071428571428612,0.014246622119050548
-0.001428571428571449,0.014423622140979694
-0.001428571428571449,0.014511495603194025
-0.001428571428571449,0.014599369065408556
-0.001428571428571449,0.014599369065408655
-0.001428571428571449,0.014600622162908939
-0.001071428571428612,0.014512748700694508
-0.001428571428571449,0.014777622184838086
-0.001428571428571449,0.014865495647052519
-0.001071428571428612,0.014865495647052616
-0.001428571428571449,0.014776369087337803
-0.001071428571428612,0.014865495647052519
-0.001071428571428612,0.015130369131196194
-0.001071428571428612,0.01495336910926705
-0.0007142857142856711,0.015130369131196296
-0.001071428571428612,0.01513162222869658
-0.0007051282051281625,0.01530736915312534
-0.0010805860805861208,0.01513162222869658
-0.001071428571428612,0.015308622250625827
-0.0007234432234431824,0.015395242615339873
-0.0010805860805861208,0.015219495690910911
-0.001071428571428612,0.015396495712840057
-0.0014377289377289575,0.01557224263726892
-0.0014377289377289575,0.015573495734769405
-0.0010805860805861208,0.015661369196983833
-0.0014468864468865704,0.01566262229448422
-0.0010805860805861208,0.015661369196983736
-0.0010805860805861208,0.015750495756698547
-0.001428571428571449,0.01592624268112731
-0.0014468864468865704,0.015926242681127512
-0.0010805860805861208,0.015928748876128176
-0.0014377289377289575,0.016103242703056558
-0.0014468864468865704,0.016104495800556944
-0.0014468864468865704,0.016192369262771372
-0.0010805860805861208,0.016192369262771473
-0.001804029304029407,0.01610449580055704
-0.001804029304029407,0.016193622360271758
-0.0014468864468865704,0.016369369284700522
-0.0014377289377289575,0.01636936928470062
-0.001804029304029407,0.016370622382201
-0.001804029304029407,0.01654636930662977
-0.0014377289377289575,0.016634242768844197
-0.0014377289377289575,0.01663549586634458
-0.0014377289377289575,0.01672336932855901
-0.0014377289377289575,0.016634242768844197
-0.001804029304029407,0.016723369328559112
-0.001804029304029407,0.016724622426059394
-0.0014377289377289575,0.016812495888273826
-0.0014377289377289575,0.016989495910203073
-0.001804029304029407,0.017077369372417505
-0.001804029304029407,0.017077369372417404
-0.001804029304029407,0.016901622447988644
-0.001804029304029407,0.017165242834631736
-0.0014468864468864663,0.01725436939434665
-0.0014377289377289575,0.017255622491847034
-0.001804029304029407,0.017342242856560983
-0.0014377289377289575,0.017431369416275898
-0.001804029304029407,0.017431369416275797
-0.0014468864468865704,0.017431369416275898
-0.001804029304029407,0.017608369438205144
-0.001804029304029407,0.017520495975990712
-0.001804029304029407,0.017696242900419476
-0.001804029304029407,0.017696242900419372
-0.001804029304029407,0.017785369460134287
-0.001804029304029407,0.01787324292234872
-0.0014468864468865704,0.017697495997919758
-0.0014468864468865704,0.01778536946013419
-0.0010805860805861208,0.017962369482063437
-0.0018131868131869159,0.01796362257956392
-0.001804029304029407,0.017962369482063437
-0.0014377289377289575,0.018051496041778352
-0.0014377289377289575,0.018139369503992583
-0.0014468864468864663,0.018228496063707494
-0.0014377289377289575,0.01831636952592193
-0.0018131868131869159,0.018316369525921826
-0.0014468864468864663,0.01849211645035079
-0.001804029304029407,0.018493369547851177
-0.0014468864468865704,0.018493369547850975
-0.001804029304029407,0.018493369547851177
-0.001804029304029407,0.01858249610756589
-0.001804029304029407,0.01875824303199465
-0.001804029304029407,0.018670369569780222
-0.0014468864468865704,0.018759496129495137
-0.001804029304029407,0.01884736959170947
-0.001804029304029407,0.01884862268920985
-0.001804029304029407,0.01893649615142438
-0.001804029304029407,0.01902311651613833
-0.001804029304029407,0.019112243075853044
-0.001804029304029407,0.019024369613638813
-0.0014468864468865704,0.019112243075853044
-0.001804029304029407,0.019289243097782294
-0.0010897435897436294,0.01928924309778239
-0.0014468864468865704,0.019201369635567962
-0.001804029304029407,0.019378369657497205
-0.001804029304029407,0.019378369657497105
-0.0014468864468865704,0.019290496195282676
-0.001804029304029407,0.01955411658192597
-0.001804029304029407,0.01955536967942635
-0.001804029304029407,0.019554116581926066
-0.0017948717948718985,0.019732369701355598
-0.0014377289377290616,0.01982024316356993
-0.001804029304029407,0.019731116603855115
-0.0021703296703296485,0.01982024316356993
-0.001804029304029407,0.019909369723284845
-0.0014468864468865704,0.019909369723284744
-0.001804029304029407,0.02008636974521389
-0.0018131868131868118,0.02008636974521399
-0.0017948717948718985,0.01999849628299966
-0.001804029304029407,0.020175496304928806
-0.001804029304029407,0.02017424320742832
-0.001804029304029407,0.02017549630492871
-0.001804029304029407,0.02035249632685785
-0.0021703296703296485,0.0204391166915719
-0.001804029304029407,0.02044036978907248
-0.00216117216117214,0.020529496348787098
-0.0014468864468865704,0.020617369811001526
-0.0014377289377290616,0.020705243273216063
-0.0014377289377290616,0.020794369832930676
-0.0021703296703296485,0.020706496370716445
-0.001804029304029407,0.020882243295145306
-0.0018131868131868118,0.020882243295145108
-0.0021703296703296485,0.02088349639264549
-0.0014377289377290616,0.02088224329514521
-0.0017948717948718985,0.02088349639264549
-0.0014468864468863648,0.02088224329514521
-0.0018131868131868118,0.021059243317074455
-0.0014468864468865704,0.021148369876789065
-0.0014468864468865704,0.02114836987678917
-0.0014377289377290616,0.02114836987678917
-0.0018131868131868118,0.021325369898718315
-0.0014560439560438734,0.021237496436503883
-0.0014468864468863648,0.02141449645843313
-0.001804029304029303,0.021413243360932845
-0.0010805860805861234,0.021591496480362474
-0.0014468864468863648,0.021501116823147176
-0.0014468864468863648,0.02159024338286209
-0.0010805860805861234,0.021679369942576708
-0.0014560439560438734,0.021679369942576805
-0.0014468864468863648,0.02185511686700567
-0.0018131868131868144,0.02185511686700557
-0.0014560439560438734,0.02194299032922
-0.0014468864468863648,0.021944243426720383
-0.0014468864468863648,0.0220333699864352
-0.0018131868131868144,0.021944243426720383
-0.0014468864468863648,0.0220333699864353
-0.0010897435897435279,0.022210370008364445
-0.0010897435897435279,0.022210370008364344
-0.001822344322344323,0.022298243470578877
-0.0014560439560439775,0.022387370030293695
-0.0010897435897435279,0.022298243470578877
-0.0014560439560439775,0.022563116954722455
-0.001446886446886469,0.022475243492507922
-0.0014560439560439775,0.02265224351443717
-0.0014468864468863648,0.02256562314972322
-0.0010897435897435279,0.022741370074151983
-0.0014560439560439775,0.022741370074152084
-0.0014560439560439775,0.022741370074151983
-0.0014560439560439775,0.022741370074152084
-0.0010897435897435279,0.02291837009608133
-0.0010989010989011405,0.022918370096081234
-0.0010989010989011405,0.023006243558295662
-0.0010989010989011405,0.023095370118010376
-0.0014560439560439775,0.023094117020510094
-0.000732600732600691,0.02318449667772529
-0.0014560439560439775,0.02318324358022481
-0.0010897435897435279,0.02335899050465367
-0.0014560439560439775,0.023358990504653773
-0.0010989010989011405,0.0235372436240832
-0.0014560439560439775,0.02344937016186897
-0.0010805860805860193,0.0235372436240832
-0.000732600732600691,0.023625117086297633
-0.000732600732600691,0.023712990548512163
-0.001089743589743632,0.023537243624083402
-0.0007234432234431824,0.023626370183798016
-0.001089743589743632,0.023714243646012448
-0.001089743589743632,0.023803370205727363
-0.0007234432234431824,0.02380337020572726
-0.001089743589743632,0.02380211710822698
-0.0003663003663003455,0.02398037022765661
-0.0003754578754578541,0.024068243689870837
-0.000732600732600691,0.024068243689870938
-0.0003754578754578541,0.024157370249585655
-0.0007234432234431824,0.024333117174014415
-0.0007234432234431824,0.02424649680930057
-0.0007417582417583036,0.02442224373372943
-0.000732600732600795,0.02442099063622885
-0.001089743589743632,0.024510117195943763
-0.001089743589743632,0.024334370271515
-0.000732600732600795,0.024597990658158094
-0.001089743589743632,0.02459924375565848
-0.0007417582417583036,0.024599243755658577
-0.0003663003663003455,0.024688370315373194
-0.0007234432234431824,0.024774990680087344
-0.000732600732600795,0.024600496853158963
-0.000732600732600795,0.024776243777587727
-0.0007234432234432865,0.0250411172617313
-0.000732600732600795,0.02486537033730254
-0.001089743589743632,0.0250411172617313
-0.0007234432234432865,0.02513024382144622
-0.0007234432234432865,0.025130243821446116
-0.0007234432234432865,0.02513024382144602
-0.0007234432234432865,0.025395117305589795
-0.000732600732600795,0.025307243843375363
-0.0010805860805861234,0.025308496940875648
-0.0007234432234432865,0.025482990767804227
-0.0010897435897435279,0.025396370403090077
-0.0010897435897435279,0.02557211732751884
-0.000732600732600795,0.02557211732751894
-0.0010989010989010365,0.025573370425019323
-0.000732600732600795,0.02565999078973337
-0.0007234432234432865,0.025749117349448188
-0.0010897435897435279,0.0258382439091629
-0.0010897435897435279,0.025927370468877716
-0.000732600732600795,0.025926117371377434
-0.0010989010989010365,0.025924864273877052
-0.0010989010989010365,0.026013990833591665
-0.000732600732600795,0.026015243931092245
-0.000695970695970758,0.026015243931092148
-0.0010897435897435279,0.02619099085552091
-0.0010897435897435279,0.026104370490806966
-0.0010805860805860193,0.026192243953021395
-0.0010897435897435279,0.026190990855521113
-0.0007417582417581995,0.02636799087745016
-0.0007234432234431824,0.026457117437164973
-0.0010531135531134906,0.026544990899379402
-0.0010805860805860193,0.026458370534665456
-0.000732600732600691,0.026544990899379506
-0.0010989010989010365,0.02672199092130865
-0.0007142857142856737,0.026546243996879784
-0.0010989010989011405,0.02645711743716507
-0.000732600732600795,0.026015243931092048
-0.0003663003663003455,0.025661243887233655
-0.0007234432234431824,0.025219370381160934
-0.000732600732600691,0.024776243777587824
-0.0007234432234432865,0.02442099063622905
-0.0007142857142857778,0.023892496765442077
-0.0007417582417582021,0.023712990548512065
-0.000732600732600691,0.023094117020509994
-0.0010897435897436294,0.02265224351443727
-0.0010897435897436294,0.022298243470578877
-0.000732600732600691,0.02185511686700557
-0.0010805860805860165,0.021325369898718315
-0.000732600732600691,0.020971369854859923
-0.0007234432234431797,0.020703990175715677
-0.0010897435897435279,0.02017424320742832
-0.0007234432234432865,0.01982024316357003
-0.00036630036630044957,0.019466243119711638
-0.0007234432234432865,0.018935243053923998
0.0,0.018669116472279836
-0.0003754578754578541,0.01831636952592193
-0.00035714285714283687,0.01787324292234862
